{
  "backbone": "swin_tiny",
  "tau_giou": 0.23,
  "tau_safe": 0.38,
  "rho": 0.7,
  "splits": {
    "val": {
      "before": {
        "gIoU": 55.763313243081996,
        "cIoU": 55.64177255966832,
        "N_acc": 0.46277372262773725,
        "T_acc": 0.9986851990984222
      },
      "after_giou_tau": {
        "gIoU": 74.07210645933276,
        "cIoU": 52.39109296433045,
        "N_acc": 0.8769230769230769,
        "T_acc": 0.6254695717505635
      },
      "after_safe_tau": {
        "gIoU": 66.91845294316242,
        "cIoU": 58.22425420964978,
        "N_acc": 0.6495227400336889,
        "T_acc": 0.9506010518407213
      },
      "n_clarify_giou_tau": 1131,
      "n_total": 14229
    },
    "testA": {
      "before": {
        "gIoU": 65.03480048596492,
        "cIoU": 65.42336206525609,
        "N_acc": 0.5060701438848921,
        "T_acc": 0.9898996746203904
      },
      "after_giou_tau": {
        "gIoU": 54.08867656837947,
        "cIoU": 49.309033634105745,
        "N_acc": 0.8358812949640287,
        "T_acc": 0.545824295010846
      },
      "after_safe_tau": {
        "gIoU": 65.94090568798028,
        "cIoU": 64.45632955697226,
        "N_acc": 0.6328687050359713,
        "T_acc": 0.9063855748373102
      },
      "n_clarify_giou_tau": 1712,
      "n_total": 19200
    }
  }
}