{
  "backbone": "swin_tiny",
  "split": "val",
  "n_single": 0,
  "n_multi": 5324,
  "n_two": 5296,
  "n_three_plus": 28,
  "inst_recall_single": 0.0,
  "inst_recall_multi": 0.852402318190316,
  "inst_recall_two": 0.8541351963746223,
  "inst_recall_three_plus": 0.6792452830188679,
  "mean_instance_coverage_single": 0.0,
  "mean_instance_coverage_multi": 0.8007684520471116,
  "mIoU_single": 0.0,
  "mIoU_multi": 0.7165764563365734,
  "multi_with_a_fully_missed_instance": 0.26089406461307285,
  "best_instance_coverage_mean": 0.9250656836964687,
  "worst_instance_coverage_mean": 0.6786540383170548,
  "worst_instance_missed_frac": 0.26089406461307285
}