{
  "gIoU": 55.763313243081996,
  "cIoU": 55.64177255966832,
  "N_acc": 0.46277372262773725,
  "T_acc": 0.9986851990984222,
  "Pr@0.7": 66.51014274981218,
  "Pr@0.8": 54.0007513148009,
  "Pr@0.9": 22.858752817430503,
  "_TP": 4121,
  "_TN": 5317,
  "_FP": 7,
  "_FN": 4784,
  "_total": 14229,
  "_not_empty": 5324,
  "_empty": 8905
}