{
  "gIoU": 65.03480048596492,
  "cIoU": 65.42336206525609,
  "N_acc": 0.5060701438848921,
  "T_acc": 0.9898996746203904,
  "Pr@0.7": 65.279284164859,
  "Pr@0.8": 51.66079175704989,
  "Pr@0.9": 20.18709327548807,
  "_TP": 2251,
  "_TN": 14603,
  "_FP": 149,
  "_FN": 2197,
  "_total": 19200,
  "_not_empty": 14752,
  "_empty": 4448
}